{"cameraMode":{"drawMode":0,"name":"Shaded","section":"Shading Mode"},"sceneLighting":false,"audioPlay":false,"sceneViewState":{"showFog":true,"showMaterialUpdate":true,"showSkybox":false,"showFlares":true,"showImageEffects":true,"showParticleSystems":true},"in2DMode":false,"pivot":{"x":62.33315658569336,"y":19.64657211303711,"z":100.93033599853516},"rotation":{"x":0.10117195546627045,"y":0.03282659500837326,"z":-0.0033259019255638124,"w":0.9943413734436035},"size":49.27631378173828,"orthographic":false}