{"cameraMode":{"drawMode":0,"name":"Shaded","section":"Shading Mode"},"sceneLighting":true,"audioPlay":false,"sceneViewState":{"showFog":true,"showMaterialUpdate":true,"showSkybox":true,"showFlares":true,"showImageEffects":true,"showParticleSystems":true},"in2DMode":false,"pivot":{"x":134.59466552734376,"y":15.342893600463868,"z":337.5486145019531},"rotation":{"x":0.29383066296577456,"y":-0.4111631214618683,"z":0.14193302392959596,"w":0.8511704206466675},"size":49.79640197753906,"orthographic":false}