{"cameraMode":{"drawMode":0,"name":"Shaded","section":"Shading Mode"},"sceneLighting":false,"audioPlay":false,"sceneViewState":{"showFog":true,"showMaterialUpdate":true,"showSkybox":false,"showFlares":true,"showImageEffects":true,"showParticleSystems":true},"in2DMode":false,"pivot":{"x":185.2935333251953,"y":17.339441299438478,"z":476.265380859375},"rotation":{"x":0.08383259922266007,"y":0.6673980355262756,"z":-0.07600408792495728,"w":0.7360786199569702},"size":7.410540580749512,"orthographic":false}