{"cameraMode":{"drawMode":0,"name":"Shaded","section":"Shading Mode"},"sceneLighting":false,"audioPlay":false,"sceneViewState":{"showFog":true,"showMaterialUpdate":true,"showSkybox":false,"showFlares":true,"showImageEffects":true,"showParticleSystems":true},"in2DMode":false,"pivot":{"x":184.76931762695313,"y":17.404495239257814,"z":478.38336181640627},"rotation":{"x":0.09061447530984879,"y":0.5489392876625061,"z":-0.06001164764165878,"w":0.8287879228591919},"size":7.410540580749512,"orthographic":false}