{"cameraMode":{"drawMode":0,"name":"Shaded","section":"Shading Mode"},"sceneLighting":false,"audioPlay":false,"sceneViewState":{"showFog":true,"showMaterialUpdate":true,"showSkybox":false,"showFlares":true,"showImageEffects":true,"showParticleSystems":true},"in2DMode":false,"pivot":{"x":18.80699920654297,"y":11.041379928588868,"z":36.60805130004883},"rotation":{"x":0.1598496437072754,"y":0.4372650384902954,"z":-0.07929930090904236,"w":0.8814587593078613},"size":5.87205171585083,"orthographic":false}