{"cameraMode":{"drawMode":0,"name":"Shaded","section":"Shading Mode"},"sceneLighting":false,"audioPlay":false,"sceneViewState":{"showFog":true,"showMaterialUpdate":true,"showSkybox":false,"showFlares":true,"showImageEffects":true,"showParticleSystems":true},"in2DMode":false,"pivot":{"x":0.11035871505737305,"y":1.1622345447540284,"z":0.24464383721351624},"rotation":{"x":-0.04114061966538429,"y":-0.7608498334884644,"z":-0.048447638750076297,"w":0.6458079218864441},"size":3.0324554443359377,"orthographic":false}