{"cameraMode":{"drawMode":0,"name":"Shaded","section":"Shading Mode"},"sceneLighting":true,"audioPlay":false,"sceneViewState":{"showFog":true,"showMaterialUpdate":true,"showSkybox":true,"showFlares":true,"showImageEffects":true,"showParticleSystems":true},"in2DMode":false,"pivot":{"x":-51.63286590576172,"y":31.042617797851564,"z":33.87189483642578},"rotation":{"x":0.05713624134659767,"y":0.5583333373069763,"z":-0.03858640789985657,"w":0.8267472982406616},"size":4.469392776489258,"orthographic":false}