{"cameraMode":{"drawMode":0,"name":"Shaded","section":"Shading Mode"},"sceneLighting":true,"audioPlay":false,"sceneViewState":{"showFog":true,"showMaterialUpdate":true,"showSkybox":true,"showFlares":true,"showImageEffects":true,"showParticleSystems":true},"in2DMode":false,"pivot":{"x":-2056.808349609375,"y":641.6082153320313,"z":-9351.40234375},"rotation":{"x":0.06592024862766266,"y":0.21120034158229829,"z":-0.014277742244303227,"w":0.9751121997833252},"size":18.527420043945314,"orthographic":false}