{"cameraMode":{"drawMode":0,"name":"Shaded","section":"Shading Mode"},"sceneLighting":false,"audioPlay":false,"sceneViewState":{"showFog":true,"showMaterialUpdate":true,"showSkybox":false,"showFlares":true,"showImageEffects":true,"showParticleSystems":true},"in2DMode":false,"pivot":{"x":18.80699920654297,"y":11.041379928588868,"z":36.60805130004883},"rotation":{"x":0.1446995586156845,"y":0.37277674674987795,"z":-0.058974653482437137,"w":0.9146752953529358},"size":5.87205171585083,"orthographic":false}