{"cameraMode":{"drawMode":0,"name":"Shaded","section":"Shading Mode"},"sceneLighting":false,"audioPlay":false,"sceneViewState":{"showFog":true,"showMaterialUpdate":true,"showSkybox":false,"showFlares":true,"showImageEffects":true,"showParticleSystems":true},"in2DMode":false,"pivot":{"x":38.08425521850586,"y":13.630970001220704,"z":27.800506591796876},"rotation":{"x":0.09365798532962799,"y":0.7822917699813843,"z":-0.12135253846645355,"w":0.6037584543228149},"size":3.9343314170837404,"orthographic":false}