{"cameraMode":{"drawMode":0,"name":"Shaded","section":"Shading Mode"},"sceneLighting":true,"audioPlay":false,"sceneViewState":{"showFog":true,"showMaterialUpdate":true,"showSkybox":true,"showFlares":true,"showImageEffects":true,"showParticleSystems":true},"in2DMode":false,"pivot":{"x":-104.14520263671875,"y":133.32618713378907,"z":170.03782653808595},"rotation":{"x":0.3582836091518402,"y":0.04618507996201515,"z":-0.017751535400748254,"w":0.9323046803474426},"size":5.87202787399292,"orthographic":false}