{"cameraMode":{"drawMode":0,"name":"Shaded","section":"Shading Mode"},"sceneLighting":false,"audioPlay":false,"sceneViewState":{"showFog":true,"showMaterialUpdate":true,"showSkybox":false,"showFlares":true,"showImageEffects":true,"showParticleSystems":true},"in2DMode":false,"pivot":{"x":50.58409881591797,"y":23.78533935546875,"z":123.8056411743164},"rotation":{"x":0.07307298481464386,"y":0.47864407300949099,"z":-0.0399971641600132,"w":0.8740705847740173},"size":81.93728637695313,"orthographic":false}