{"cameraMode":{"drawMode":0,"name":"Shaded","section":"Shading Mode"},"sceneLighting":false,"audioPlay":false,"sceneViewState":{"showFog":true,"showMaterialUpdate":true,"showSkybox":false,"showFlares":true,"showImageEffects":true,"showParticleSystems":true},"in2DMode":false,"pivot":{"x":1.0173492431640626,"y":-2.1376953125,"z":-0.3791046142578125},"rotation":{"x":-0.02158990502357483,"y":0.031488507986068729,"z":0.0006867223419249058,"w":0.9992877840995789},"size":502.7257385253906,"orthographic":false}