{"cameraMode":{"drawMode":0,"name":"Shaded","section":"Shading Mode"},"sceneLighting":false,"audioPlay":false,"sceneViewState":{"showFog":true,"showMaterialUpdate":true,"showSkybox":false,"showFlares":true,"showImageEffects":true,"showParticleSystems":true},"in2DMode":false,"pivot":{"x":37.0,"y":13.991467475891114,"z":27.911806106567384},"rotation":{"x":0.05335415154695511,"y":0.38646623492240908,"z":-0.02240029349923134,"w":0.9204878211021423},"size":3.9343314170837404,"orthographic":false}