{"cameraMode":{"drawMode":0,"name":"Shaded","section":"Shading Mode"},"sceneLighting":false,"audioPlay":false,"sceneViewState":{"showFog":true,"showMaterialUpdate":true,"showSkybox":false,"showFlares":true,"showImageEffects":true,"showParticleSystems":true},"in2DMode":false,"pivot":{"x":0.17029142379760743,"y":0.6120742559432983,"z":-1.4275199174880982},"rotation":{"x":-0.04114061966538429,"y":-0.7608498334884644,"z":-0.048447638750076297,"w":0.6458079218864441},"size":3.072312831878662,"orthographic":false}