{"cameraMode":{"drawMode":0,"name":"Shaded","section":"Shading Mode"},"sceneLighting":false,"audioPlay":false,"sceneViewState":{"showFog":true,"showMaterialUpdate":true,"showSkybox":false,"showFlares":true,"showImageEffects":true,"showParticleSystems":true},"in2DMode":false,"pivot":{"x":0.0,"y":0.11738002300262451,"z":-0.09395003318786621},"rotation":{"x":0.020231792703270913,"y":0.12713083624839784,"z":-0.00258954637683928,"w":0.9916911125183106},"size":5.8720502853393559,"orthographic":false}