{"cameraMode":{"drawMode":0,"name":"Shaded","section":"Shading Mode"},"sceneLighting":false,"audioPlay":false,"sceneViewState":{"showFog":true,"showMaterialUpdate":true,"showSkybox":false,"showFlares":true,"showImageEffects":true,"showParticleSystems":true},"in2DMode":false,"pivot":{"x":2.950439453125,"y":5.8115234375,"z":-10.376953125},"rotation":{"x":0.21829374134540559,"y":-0.06085021048784256,"z":0.013635631650686264,"w":0.9738953709602356},"size":11.814173698425293,"orthographic":true}