{"cameraMode":{"drawMode":0,"name":"Shaded","section":"Shading Mode"},"sceneLighting":true,"audioPlay":false,"sceneViewState":{"showFog":true,"showMaterialUpdate":true,"showSkybox":true,"showFlares":true,"showImageEffects":true,"showParticleSystems":true},"in2DMode":false,"pivot":{"x":140.8072509765625,"y":22.0157413482666,"z":26.67365837097168},"rotation":{"x":-0.02158990502357483,"y":0.031488507986068729,"z":0.0006867223419249058,"w":0.9992877840995789},"size":20.220630645751954,"orthographic":false}