{"cameraMode":{"drawMode":0,"name":"Shaded","section":"Shading Mode"},"sceneLighting":false,"audioPlay":false,"sceneViewState":{"showFog":true,"showMaterialUpdate":true,"showSkybox":false,"showFlares":true,"showImageEffects":true,"showParticleSystems":true},"in2DMode":false,"pivot":{"x":0.0,"y":0.11738002300262451,"z":-0.09395003318786621},"rotation":{"x":0.1598496437072754,"y":0.4372650384902954,"z":-0.07929930090904236,"w":0.8814587593078613},"size":5.8720502853393559,"orthographic":false}