{"cameraMode":{"drawMode":0,"name":"Shaded","section":"Shading Mode"},"sceneLighting":false,"audioPlay":false,"sceneViewState":{"showFog":true,"showMaterialUpdate":true,"showSkybox":false,"showFlares":true,"showImageEffects":true,"showParticleSystems":true},"in2DMode":false,"pivot":{"x":182.12115478515626,"y":17.269302368164064,"z":473.74114990234377},"rotation":{"x":-0.0000638139244983904,"y":0.999931275844574,"z":0.0051018064841628078,"w":0.012295776978135109},"size":5.872082233428955,"orthographic":false}