{"cameraMode":{"drawMode":0,"name":"Shaded","section":"Shading Mode"},"sceneLighting":false,"audioPlay":false,"sceneViewState":{"showFog":true,"showMaterialUpdate":true,"showSkybox":false,"showFlares":true,"showImageEffects":true,"showParticleSystems":true},"in2DMode":false,"pivot":{"x":3.7709994316101076,"y":2.7200000286102297,"z":30.0},"rotation":{"x":0.0973464697599411,"y":-0.0023881879169493915,"z":0.00023075124772731215,"w":0.995252788066864},"size":2.8578836917877199,"orthographic":true}