{"cameraMode":{"drawMode":0,"name":"Shaded","section":"Shading Mode"},"sceneLighting":false,"audioPlay":false,"sceneViewState":{"showFog":true,"showMaterialUpdate":true,"showSkybox":false,"showFlares":true,"showImageEffects":true,"showParticleSystems":true},"in2DMode":false,"pivot":{"x":39.83216857910156,"y":-96.3028793334961,"z":372.3551940917969},"rotation":{"x":0.212826669216156,"y":-0.6334275603294373,"z":0.18722952902317048,"w":0.7200281023979187},"size":5.872082233428955,"orthographic":false}